post_title,sku,images,tax:product_type,tax:product_visibility,tax:product_cat,tax:product_tag,tax:product_shipping_class,tax:product-brand
"Bồn tắm đặt sàn 1400x750x530mm Saturn SBL 1401","SBL 1401","https://dev.vuahoanthien.com/wp-content/uploads/2022/12/SBL-1401_23.jpg ! alt :  ! title : SBL-1401_23.jpg ! desc :  ! caption :  | https://dev.vuahoanthien.com/wp-content/uploads/2022/12/SBL-1401_21.jpg ! alt :  ! title : SBL-1401_21.jpg ! desc :  ! caption :  | https://dev.vuahoanthien.com/wp-content/uploads/2022/12/SBL-1401_22.jpg ! alt :  ! title : SBL-1401_22.jpg ! desc :  ! caption :  | https://dev.vuahoanthien.com/wp-content/uploads/2022/12/SBL-1401_29.jpg ! alt :  ! title : SBL-1401_29.jpg ! desc :  ! caption :  | https://dev.vuahoanthien.com/wp-content/uploads/2022/12/SBL-1401_24.jpg ! alt :  ! title : SBL-1401_24.jpg ! desc :  ! caption :  | https://dev.vuahoanthien.com/wp-content/uploads/2022/12/SBL-1401_25.jpg ! alt :  ! title : SBL-1401_25.jpg ! desc :  ! caption :  | https://dev.vuahoanthien.com/wp-content/uploads/2022/12/SBL-1401_26.jpg ! alt :  ! title : SBL-1401_26.jpg ! desc :  ! caption :  | https://dev.vuahoanthien.com/wp-content/uploads/2022/12/SBL-1401.1.jpg ! alt :  ! title : SBL-1401.1.jpg ! desc :  ! caption : ",simple,,"Hàng nhập khẩu cao cấp > Hàn Quốc > Bồn tắm cao cấp",,,SATURN
"Bồn tắm đặt sàn 1500x750x650mm Saturn SBL 1601","SBL 1601","https://dev.vuahoanthien.com/wp-content/uploads/2022/12/SBL-1601_8.jpg ! alt :  ! title : SBL-1601_8.jpg ! desc :  ! caption :  | https://dev.vuahoanthien.com/wp-content/uploads/2022/12/SBL-1601_5.jpg ! alt :  ! title : SBL-1601_5.jpg ! desc :  ! caption :  | https://dev.vuahoanthien.com/wp-content/uploads/2022/12/SBL-1601_7.jpg ! alt :  ! title : SBL-1601_7.jpg ! desc :  ! caption :  | https://dev.vuahoanthien.com/wp-content/uploads/2022/12/SBL-1601.jpg ! alt :  ! title : SBL-1601.jpg ! desc :  ! caption :  | https://dev.vuahoanthien.com/wp-content/uploads/2022/12/SBL-1601_1.jpg ! alt :  ! title : SBL-1601_1.jpg ! desc :  ! caption : ",simple,,"Hàng nhập khẩu cao cấp > Hàn Quốc > Bồn tắm cao cấp",,,SATURN
"Bồn tắm đặt sàn 1640x840x640mm Saturn SBL 1907","SBL 1907","https://dev.vuahoanthien.com/wp-content/uploads/2022/12/SBL-1907_19.jpg ! alt :  ! title : SBL-1907_19.jpg ! desc :  ! caption :  | https://dev.vuahoanthien.com/wp-content/uploads/2022/12/SBL-1907_4.jpg ! alt :  ! title : SBL-1907_4.jpg ! desc :  ! caption :  | https://dev.vuahoanthien.com/wp-content/uploads/2022/12/SBL-1907.jpg ! alt :  ! title : SBL-1907.jpg ! desc :  ! caption :  | https://dev.vuahoanthien.com/wp-content/uploads/2022/12/SBL-1907_20.jpg ! alt :  ! title : SBL-1907_20.jpg ! desc :  ! caption :  | https://dev.vuahoanthien.com/wp-content/uploads/2022/12/SBL-1907_21.jpg ! alt :  ! title : SBL-1907_21.jpg ! desc :  ! caption :  | https://dev.vuahoanthien.com/wp-content/uploads/2022/12/SBL-1907_22.jpg ! alt :  ! title : SBL-1907_22.jpg ! desc :  ! caption :  | https://dev.vuahoanthien.com/wp-content/uploads/2022/12/SBL-1401_29.jpg ! alt :  ! title : SBL-1401_29.jpg ! desc :  ! caption : ",simple,,"Hàng nhập khẩu cao cấp > Hàn Quốc > Bồn tắm cao cấp",,,SATURN
"Bồn tắm đặt sàn 1480x750x500mm Saturn SBL 2181","SBL 2181","https://dev.vuahoanthien.com/wp-content/uploads/2022/12/SBL-2182.jpg ! alt :  ! title : SBL-2182.jpg ! desc :  ! caption :  | https://dev.vuahoanthien.com/wp-content/uploads/2022/12/SBL-2181_1.1.jpg ! alt :  ! title : SBL-2181_1.1.jpg ! desc :  ! caption :  | https://dev.vuahoanthien.com/wp-content/uploads/2022/12/SBL-2181_2.1.jpg ! alt :  ! title : SBL-2181_2.1.jpg ! desc :  ! caption :  | https://dev.vuahoanthien.com/wp-content/uploads/2022/12/SBL-2181_3.1.jpg ! alt :  ! title : SBL-2181_3.1.jpg ! desc :  ! caption :  | https://dev.vuahoanthien.com/wp-content/uploads/2022/12/SBL-2181_10.1.jpg ! alt :  ! title : SBL-2181_10.1.jpg ! desc :  ! caption :  | https://dev.vuahoanthien.com/wp-content/uploads/2022/12/SBL-2181_5.1.jpg ! alt :  ! title : SBL-2181_5.1.jpg ! desc :  ! caption :  | https://dev.vuahoanthien.com/wp-content/uploads/2022/12/SBL-2181_4.1.jpg ! alt :  ! title : SBL-2181_4.1.jpg ! desc :  ! caption :  | https://dev.vuahoanthien.com/wp-content/uploads/2022/12/SBL-2181_11.png ! alt :  ! title : SBL-2181_11.png ! desc :  ! caption : ",simple,,"Hàng nhập khẩu cao cấp > Hàn Quốc > Bồn tắm cao cấp",,,SATURN
"Bồn tắm đặt sàn 1810x856x500mm Saturn SBL 1002","SBL 1002","https://dev.vuahoanthien.com/wp-content/uploads/2022/12/f9beeb1bab9ec.jpg ! alt :  ! title : f9beeb1bab9ec.jpg ! desc :  ! caption : ",simple,,"Hàng nhập khẩu cao cấp > Hàn Quốc > Bồn tắm cao cấp",,,SATURN
"Bồn tắm đặt sàn 1800x850x500mm Saturn SBL 1102","SBL 1102","https://dev.vuahoanthien.com/wp-content/uploads/2022/12/SBL-1401_23.jpg ! alt :  ! title : SBL-1401_23.jpg ! desc :  ! caption :  | https://dev.vuahoanthien.com/wp-content/uploads/2022/12/724e97d1506fd.jpg ! alt :  ! title : 724e97d1506fd.jpg ! desc :  ! caption : ",simple,,"Hàng nhập khẩu cao cấp > Hàn Quốc > Bồn tắm cao cấp",,,SATURN
"Bồn tắm đặt sàn 1730x910x630mm Saturn SBL 1201","SBL 1201","https://dev.vuahoanthien.com/wp-content/uploads/2022/12/c111a939e33ff.jpg ! alt :  ! title : c111a939e33ff.jpg ! desc :  ! caption : ",simple,,"Hàng nhập khẩu cao cấp > Hàn Quốc > Bồn tắm cao cấp",,,SATURN
"Bồn tắm đặt sàn 1460x690x560mm Saturn SBL 1402","SBL 1402","https://dev.vuahoanthien.com/wp-content/uploads/2022/12/b17d0ef716983.jpg ! alt :  ! title : b17d0ef716983.jpg ! desc :  ! caption : ",simple,,"Hàng nhập khẩu cao cấp > Hàn Quốc > Bồn tắm cao cấp",,,SATURN
"Bồn tắm đặt sàn 1600x750x540mm Saturn SBL 1501","SBL 1501","https://dev.vuahoanthien.com/wp-content/uploads/2022/12/1a9397e623e8e.jpg ! alt :  ! title : 1a9397e623e8e.jpg ! desc :  ! caption : ",simple,,"Hàng nhập khẩu cao cấp > Hàn Quốc > Bồn tắm cao cấp",,,SATURN
"Bồn tắm đặt sàn 1800x930x580mm Saturn SBL 1701","SBL 1701","https://dev.vuahoanthien.com/wp-content/uploads/2022/12/3f4d8d3efa6a6.png ! alt :  ! title : 3f4d8d3efa6a6.png ! desc :  ! caption : ",simple,,"Hàng nhập khẩu cao cấp > Hàn Quốc > Bồn tắm cao cấp",,,SATURN
"Bồn tắm đặt sàn 1814x1103x720mm Saturn SBL 1702","SBL 1702","https://dev.vuahoanthien.com/wp-content/uploads/2022/12/e877bd54c687f.jpg ! alt :  ! title : e877bd54c687f.jpg ! desc :  ! caption : ",simple,,"Hàng nhập khẩu cao cấp > Hàn Quốc > Bồn tắm cao cấp",,,SATURN
"Bồn tắm đặt sàn 1700x900x580mm Saturn SBL 1802","SBL 1802","https://dev.vuahoanthien.com/wp-content/uploads/2022/12/0e5631b898705.jpg ! alt :  ! title : 0e5631b898705.jpg ! desc :  ! caption : ",simple,,"Hàng nhập khẩu cao cấp > Hàn Quốc > Bồn tắm cao cấp",,,SATURN
"Bồn tắm đặt sàn 1700x900x580mm Saturn SBL 1802-2","SBL 1802-2","https://dev.vuahoanthien.com/wp-content/uploads/2022/12/386c29981ced3.jpg ! alt :  ! title : 386c29981ced3.jpg ! desc :  ! caption : ",simple,,"Hàng nhập khẩu cao cấp > Hàn Quốc > Bồn tắm cao cấp",,,SATURN
"Bồn tắm đặt sàn 1500x1500x600mm Saturn SBL 1804W","SBL 1804W","https://dev.vuahoanthien.com/wp-content/uploads/2022/12/535db5d6df15f.jpg ! alt :  ! title : 535db5d6df15f.jpg ! desc :  ! caption : ",simple,,"Hàng nhập khẩu cao cấp > Hàn Quốc > Bồn tắm cao cấp",,,SATURN
"Bồn tắm đặt sàn 1600x850x580mm Saturn SBL 1904","SBL 1904","https://dev.vuahoanthien.com/wp-content/uploads/2022/12/6a60ca8b4c013.jpg ! alt :  ! title : 6a60ca8b4c013.jpg ! desc :  ! caption : ",simple,,"Hàng nhập khẩu cao cấp > Hàn Quốc > Bồn tắm cao cấp",,,SATURN
"Bồn tắm đặt sàn 1700x800x570mm Saturn SBL 2182","SBL 2182","https://dev.vuahoanthien.com/wp-content/uploads/2022/12/5caaf73798816.jpg ! alt :  ! title : 5caaf73798816.jpg ! desc :  ! caption : ",simple,,"Hàng nhập khẩu cao cấp > Hàn Quốc > Bồn tắm cao cấp",,,SATURN
"Bồn tắm đặt sàn 1736x830x575mm Saturn SBL 2184","SBL 2184","https://dev.vuahoanthien.com/wp-content/uploads/2022/12/5cac376923337.jpg ! alt :  ! title : 5cac376923337.jpg ! desc :  ! caption : ",simple,,"Hàng nhập khẩu cao cấp > Hàn Quốc > Bồn tắm cao cấp",,,SATURN
"Bồn tắm đặt sàn 1800x850x550mm Saturn SBL 2186","SBL 2186","https://dev.vuahoanthien.com/wp-content/uploads/2022/12/19afb21610967.jpg ! alt :  ! title : 19afb21610967.jpg ! desc :  ! caption : ",simple,,"Hàng nhập khẩu cao cấp > Hàn Quốc > Bồn tắm cao cấp",,,SATURN
"Bồn tắm đặt sàn 1700x800x580mm Saturn SBL 2187","SBL 2187","https://dev.vuahoanthien.com/wp-content/uploads/2022/12/8ab6406f132af.png ! alt :  ! title : 8ab6406f132af.png ! desc :  ! caption : ",simple,,"Hàng nhập khẩu cao cấp > Hàn Quốc > Bồn tắm cao cấp",,,SATURN
"Bồn tắm đặt sàn 1200x800x870mm Saturn SBL 2202","SBL 2202","https://dev.vuahoanthien.com/wp-content/uploads/2022/12/e8eba259535c1.jpg ! alt :  ! title : e8eba259535c1.jpg ! desc :  ! caption : ",simple,,"Hàng nhập khẩu cao cấp > Hàn Quốc > Bồn tắm cao cấp",,,SATURN
"Bồn tắm đặt sàn 1200x800x870mm Saturn SBL 2191","SBL 2191","https://dev.vuahoanthien.com/wp-content/uploads/2022/12/SBL-2191_2.png ! alt :  ! title : SBL-2191_2.png ! desc :  ! caption :  | https://dev.vuahoanthien.com/wp-content/uploads/2022/12/SBL-2191_7.jpg ! alt :  ! title : SBL-2191_7.jpg ! desc :  ! caption :  | https://dev.vuahoanthien.com/wp-content/uploads/2022/12/SBL-2191_1.jpg ! alt :  ! title : SBL-2191_1.jpg ! desc :  ! caption :  | https://dev.vuahoanthien.com/wp-content/uploads/2022/12/SBL-2191_3.jpg ! alt :  ! title : SBL-2191_3.jpg ! desc :  ! caption :  | https://dev.vuahoanthien.com/wp-content/uploads/2022/12/SBL-2191_4.jpg ! alt :  ! title : SBL-2191_4.jpg ! desc :  ! caption : ",simple,,"Hàng nhập khẩu cao cấp > Hàn Quốc > Bồn tắm cao cấp",,,SATURN
"Bồn tắm đặt sàn 1465x1465x533mm Saturn SBL 2183","SBL 2183","https://dev.vuahoanthien.com/wp-content/uploads/2022/12/SBL-2183_3.jpg ! alt :  ! title : SBL-2183_3.jpg ! desc :  ! caption :  | https://dev.vuahoanthien.com/wp-content/uploads/2022/12/SBL-2183_7.jpg ! alt :  ! title : SBL-2183_7.jpg ! desc :  ! caption :  | https://dev.vuahoanthien.com/wp-content/uploads/2022/12/SBL-2183_6.jpg ! alt :  ! title : SBL-2183_6.jpg ! desc :  ! caption :  | https://dev.vuahoanthien.com/wp-content/uploads/2022/12/SBL-2183_2.jpg ! alt :  ! title : SBL-2183_2.jpg ! desc :  ! caption : ",simple,,"Hàng nhập khẩu cao cấp > Hàn Quốc > Bồn tắm cao cấp",,,SATURN
"Tủ lavabo Polystyrene chống tia UV Saturn SWL 0083-CL","SWL 0083-CL","https://dev.vuahoanthien.com/wp-content/uploads/2022/12/SWL0083_8f5762b971fd2_nen.png ! alt :  ! title : SWL0083_8f5762b971fd2_nen.png ! desc :  ! caption :  | https://dev.vuahoanthien.com/wp-content/uploads/2022/12/SWL0083_40e7b246697bf_nen.jpg ! alt :  ! title : SWL0083_40e7b246697bf_nen.jpg ! desc :  ! caption : ",simple,,"Hàng nhập khẩu cao cấp > Hàn Quốc > Tủ lavabo cao cấp",,,SATURN
"Chậu lavabo Saturn MWL 0606A","MWL 0606A","https://dev.vuahoanthien.com/wp-content/uploads/2022/12/885b637cd1c68.png ! alt :  ! title : 885b637cd1c68.png ! desc :  ! caption : ",simple,,"Hàng nhập khẩu cao cấp > Hàn Quốc > Chậu lavabo cao cấp",,,SATURN
"Chậu lavabo Saturn MWL 1606A","MWL 1606A","https://dev.vuahoanthien.com/wp-content/uploads/2022/12/ba80c7beaafcb.png ! alt :  ! title : ba80c7beaafcb.png ! desc :  ! caption : ",simple,,"Hàng nhập khẩu cao cấp > Hàn Quốc > Chậu lavabo cao cấp",,,SATURN
"Chậu lavabo Saturn MWL 1806A","MWL 1806A","https://dev.vuahoanthien.com/wp-content/uploads/2022/12/2ff6f2edb7d69.png ! alt :  ! title : 2ff6f2edb7d69.png ! desc :  ! caption : ",simple,,"Hàng nhập khẩu cao cấp > Hàn Quốc > Chậu lavabo cao cấp",,,SATURN
"Chậu lavabo Saturn SWL 0015","SWL 0015","https://dev.vuahoanthien.com/wp-content/uploads/2022/12/ea7a6e5865f34-1.jpg ! alt :  ! title : ea7a6e5865f34-1.jpg ! desc :  ! caption : ",simple,,"Hàng nhập khẩu cao cấp > Hàn Quốc > Chậu lavabo cao cấp",,,SATURN
"Chậu lavabo Saturn SWL 0015-1","SWL 0015-1","https://dev.vuahoanthien.com/wp-content/uploads/2022/12/ea7a6e5865f34.jpg ! alt :  ! title : ea7a6e5865f34.jpg ! desc :  ! caption : ",simple,,"Hàng nhập khẩu cao cấp > Hàn Quốc > Chậu lavabo cao cấp",,,SATURN
"Chậu lavabo Saturn SWL 0016","SWL 0016","https://dev.vuahoanthien.com/wp-content/uploads/2022/12/d96757adb5900.jpg ! alt :  ! title : d96757adb5900.jpg ! desc :  ! caption : ",simple,,"Hàng nhập khẩu cao cấp > Hàn Quốc > Chậu lavabo cao cấp",,,SATURN
"Chậu lavabo Saturn SWL 0020","SWL 0020","https://dev.vuahoanthien.com/wp-content/uploads/2022/12/595881d46057a.jpg ! alt :  ! title : 595881d46057a.jpg ! desc :  ! caption : ",simple,,"Hàng nhập khẩu cao cấp > Hàn Quốc > Chậu lavabo cao cấp",,,SATURN
"Chậu lavabo Saturn SWL 0020-2","SWL 0020-2","https://dev.vuahoanthien.com/wp-content/uploads/2022/12/f51d00842ce4e.jpg ! alt :  ! title : f51d00842ce4e.jpg ! desc :  ! caption : ",simple,,"Hàng nhập khẩu cao cấp > Hàn Quốc > Chậu lavabo cao cấp",,,SATURN
"Chậu lavabo Saturn SWL 0027","SWL 0027","https://dev.vuahoanthien.com/wp-content/uploads/2022/12/ae3c54b8e0295.png ! alt :  ! title : ae3c54b8e0295.png ! desc :  ! caption : ",simple,,"Hàng nhập khẩu cao cấp > Hàn Quốc > Chậu lavabo cao cấp",,,SATURN
"Chậu lavabo Saturn SWL 0047","SWL 0047","https://dev.vuahoanthien.com/wp-content/uploads/2022/12/99be14d5a6415.jpg ! alt :  ! title : 99be14d5a6415.jpg ! desc :  ! caption : ",simple,,"Hàng nhập khẩu cao cấp > Hàn Quốc > Chậu lavabo cao cấp",,,SATURN
"Chậu lavabo Saturn SWL 0049","SWL 0049","https://dev.vuahoanthien.com/wp-content/uploads/2022/12/762749f03ced0.png ! alt :  ! title : 762749f03ced0.png ! desc :  ! caption : ",simple,,"Hàng nhập khẩu cao cấp > Hàn Quốc > Chậu lavabo cao cấp",,,SATURN
"Chậu lavabo Saturn SWL 0050","SWL 0050","https://dev.vuahoanthien.com/wp-content/uploads/2022/12/4e8f5c1d2a3e5.jpg ! alt :  ! title : 4e8f5c1d2a3e5.jpg ! desc :  ! caption : ",simple,,"Hàng nhập khẩu cao cấp > Hàn Quốc > Chậu lavabo cao cấp",,,SATURN
"Chậu lavabo Saturn SWL 0050-1","SWL 0050-1","https://dev.vuahoanthien.com/wp-content/uploads/2022/12/304bb37c11e28.jpg ! alt :  ! title : 304bb37c11e28.jpg ! desc :  ! caption : ",simple,,"Hàng nhập khẩu cao cấp > Hàn Quốc > Chậu lavabo cao cấp",,,SATURN
"Chậu lavabo Saturn SWL 0051","SWL 0051","https://dev.vuahoanthien.com/wp-content/uploads/2022/12/1588be8fcbd7e.png ! alt :  ! title : 1588be8fcbd7e.png ! desc :  ! caption : ",simple,,"Hàng nhập khẩu cao cấp > Hàn Quốc > Chậu lavabo cao cấp",,,SATURN
"Chậu lavabo Saturn SWL 0054","SWL 0054","https://dev.vuahoanthien.com/wp-content/uploads/2022/12/b784e05d1e906.png ! alt :  ! title : b784e05d1e906.png ! desc :  ! caption : ",simple,,"Hàng nhập khẩu cao cấp > Hàn Quốc > Chậu lavabo cao cấp",,,SATURN
"Chậu lavabo Saturn SWL 0063","SWL 0063","https://dev.vuahoanthien.com/wp-content/uploads/2022/12/836ba7a315405.jpg ! alt :  ! title : 836ba7a315405.jpg ! desc :  ! caption : ",simple,,"Hàng nhập khẩu cao cấp > Hàn Quốc > Chậu lavabo cao cấp",,,SATURN
"Chậu lavabo Saturn SWL 0072-1","SWL 0072-1","https://dev.vuahoanthien.com/wp-content/uploads/2022/12/af8d64600932a.jpg ! alt :  ! title : af8d64600932a.jpg ! desc :  ! caption : ",simple,,"Hàng nhập khẩu cao cấp > Hàn Quốc > Chậu lavabo cao cấp",,,SATURN
"Chậu lavabo Saturn SWL 0073","SWL 0073","https://dev.vuahoanthien.com/wp-content/uploads/2022/12/7741f0be76611.jpg ! alt :  ! title : 7741f0be76611.jpg ! desc :  ! caption : ",simple,,"Hàng nhập khẩu cao cấp > Hàn Quốc > Chậu lavabo cao cấp",,,SATURN
"Chậu lavabo Saturn SWL 0074","SWL 0074","https://dev.vuahoanthien.com/wp-content/uploads/2022/12/4a237ffbba4ea.jpg ! alt :  ! title : 4a237ffbba4ea.jpg ! desc :  ! caption : ",simple,,"Hàng nhập khẩu cao cấp > Hàn Quốc > Chậu lavabo cao cấp",,,SATURN
"Chậu lavabo Saturn SWL 0083","SWL 0083","https://dev.vuahoanthien.com/wp-content/uploads/2022/12/917535efc45a2.jpg ! alt :  ! title : 917535efc45a2.jpg ! desc :  ! caption : ",simple,,"Hàng nhập khẩu cao cấp > Hàn Quốc > Chậu lavabo cao cấp",,,SATURN
"Chậu lavabo Saturn SWL 0088-2","SWL 0088-2","https://dev.vuahoanthien.com/wp-content/uploads/2022/12/b2c49a15d76b3.jpg ! alt :  ! title : b2c49a15d76b3.jpg ! desc :  ! caption : ",simple,,"Hàng nhập khẩu cao cấp > Hàn Quốc > Chậu lavabo cao cấp",,,SATURN
"Chậu lavabo Saturn SWL 0088-3","SWL 0088-3","https://dev.vuahoanthien.com/wp-content/uploads/2022/12/3781d41a6d952.jpg ! alt :  ! title : 3781d41a6d952.jpg ! desc :  ! caption : ",simple,,"Hàng nhập khẩu cao cấp > Hàn Quốc > Chậu lavabo cao cấp",,,SATURN
"Chậu lavabo Saturn SWL 0088-4","SWL 0088-4","https://dev.vuahoanthien.com/wp-content/uploads/2022/12/eb068c92e142d.png ! alt :  ! title : eb068c92e142d.png ! desc :  ! caption : ",simple,,"Hàng nhập khẩu cao cấp > Hàn Quốc > Chậu lavabo cao cấp",,,SATURN
"Chậu lavabo Saturn SWL 0089-1","SWL 0089-1","https://dev.vuahoanthien.com/wp-content/uploads/2022/12/12e9b4c8fc436.png ! alt :  ! title : 12e9b4c8fc436.png ! desc :  ! caption : ",simple,,"Hàng nhập khẩu cao cấp > Hàn Quốc > Chậu lavabo cao cấp",,,SATURN
"Chậu lavabo Saturn SWL 0089-2","SWL 0089-2","https://dev.vuahoanthien.com/wp-content/uploads/2022/12/bee405c9af671.png ! alt :  ! title : bee405c9af671.png ! desc :  ! caption : ",simple,,"Hàng nhập khẩu cao cấp > Hàn Quốc > Chậu lavabo cao cấp",,,SATURN
"Chậu lavabo Saturn SWL 0099","SWL 0099","https://dev.vuahoanthien.com/wp-content/uploads/2022/12/e1db9af7f4d2d.jpg ! alt :  ! title : e1db9af7f4d2d.jpg ! desc :  ! caption : ",simple,,"Hàng nhập khẩu cao cấp > Hàn Quốc > Chậu lavabo cao cấp",,,SATURN
"Chậu lavabo Saturn SWL 0102","SWL 0102","https://dev.vuahoanthien.com/wp-content/uploads/2022/12/9dd34aada7ec8.jpg ! alt :  ! title : 9dd34aada7ec8.jpg ! desc :  ! caption : ",simple,,"Hàng nhập khẩu cao cấp > Hàn Quốc > Chậu lavabo cao cấp",,,SATURN
"Chậu lavabo Saturn SWL 0109","SWL 0109","https://dev.vuahoanthien.com/wp-content/uploads/2022/12/5bb28dd57c6aa.jpg ! alt :  ! title : 5bb28dd57c6aa.jpg ! desc :  ! caption : ",simple,,"Hàng nhập khẩu cao cấp > Hàn Quốc > Chậu lavabo cao cấp",,,SATURN
"Chậu lavabo Saturn SWL 0110","SWL 0110","https://dev.vuahoanthien.com/wp-content/uploads/2022/12/183377176dcef.jpg ! alt :  ! title : 183377176dcef.jpg ! desc :  ! caption : ",simple,,"Hàng nhập khẩu cao cấp > Hàn Quốc > Chậu lavabo cao cấp",,,SATURN
"Chậu lavabo Saturn SWL 0111","SWL 0111","https://dev.vuahoanthien.com/wp-content/uploads/2022/12/ddcf66dc6d133.jpg ! alt :  ! title : ddcf66dc6d133.jpg ! desc :  ! caption : ",simple,,"Hàng nhập khẩu cao cấp > Hàn Quốc > Chậu lavabo cao cấp",,,SATURN
"Chậu lavabo Saturn SWL 0113","SWL 0113","https://dev.vuahoanthien.com/wp-content/uploads/2022/12/SWL0113_87c901d641b45_nen.jpg ! alt :  ! title : SWL0113_87c901d641b45_nen.jpg ! desc :  ! caption : ",simple,,"Hàng nhập khẩu cao cấp > Hàn Quốc > Chậu lavabo cao cấp",,,SATURN
"Chậu lavabo Saturn SWL 1702","SWL 1702","https://dev.vuahoanthien.com/wp-content/uploads/2022/12/ce01445bc1da2.jpg ! alt :  ! title : ce01445bc1da2.jpg ! desc :  ! caption : ",simple,,"Hàng nhập khẩu cao cấp > Hàn Quốc > Chậu lavabo cao cấp",,,SATURN
"Chậu lavabo Saturn SWL 0023","SWL 0023","https://dev.vuahoanthien.com/wp-content/uploads/2022/12/ba78c7b6dde4d.jpg ! alt :  ! title : ba78c7b6dde4d.jpg ! desc :  ! caption : ",simple,,"Hàng nhập khẩu cao cấp > Hàn Quốc > Chậu lavabo cao cấp",,,SATURN
"Chậu lavabo Saturn SWL 0588","SWL 0588",,simple,,"Hàng nhập khẩu cao cấp > Hàn Quốc > Chậu lavabo cao cấp",,,SATURN
"Chậu lavabo Saturn SWL 0060","SWL 0060","https://dev.vuahoanthien.com/wp-content/uploads/2022/12/07f0abe644c76.jpg ! alt :  ! title : 07f0abe644c76.jpg ! desc :  ! caption : ",simple,,"Hàng nhập khẩu cao cấp > Hàn Quốc > Chậu lavabo cao cấp",,,SATURN
"Chậu lavabo Saturn SWL 0090-1B","SWL 0090-1B","https://dev.vuahoanthien.com/wp-content/uploads/2022/12/66c2f928a3c9d.jpg ! alt :  ! title : 66c2f928a3c9d.jpg ! desc :  ! caption : ",simple,,"Hàng nhập khẩu cao cấp > Hàn Quốc > Chậu lavabo cao cấp",,,SATURN
"Chậu lavabo Saturn SWL 0090-2B","SWL 0090-2B","https://dev.vuahoanthien.com/wp-content/uploads/2022/12/51f32a865a866-1.jpg ! alt :  ! title : 51f32a865a866-1.jpg ! desc :  ! caption : ",simple,,"Hàng nhập khẩu cao cấp > Hàn Quốc > Chậu lavabo cao cấp",,,SATURN
"Chậu lavabo Saturn SWL 101-2B","SWL 101-2B","https://dev.vuahoanthien.com/wp-content/uploads/2022/12/73575ab183022.jpg ! alt :  ! title : 73575ab183022.jpg ! desc :  ! caption : ",simple,,"Hàng nhập khẩu cao cấp > Hàn Quốc > Chậu lavabo cao cấp",,,SATURN
